url_path,views_total,views_unique
/jodithea/Sex_differences_genetics_depression,4,4
/jodithea/Sex_differences_genetics_depression/blob/main/01_GWAS/01_UKB_phenotype/UKB_sex_depression_fastGWA_final.html,1,1
/jodithea/Sex_differences_genetics_depression/blob/main/README.md,1,1
/jodithea/Sex_differences_genetics_depression/tree/main/01_GWAS,1,1
/jodithea/Sex_differences_genetics_depression/tree/main/01_GWAS/01_UKB_phenotype,1,1
/jodithea/Sex_differences_genetics_depression/tree/main/02_Format_sumstats/Females,1,1
/jodithea/Sex_differences_genetics_depression/tree/main/03_Meta-analysis,1,1
/jodithea/Sex_differences_genetics_depression/tree/main/03_Meta-analysis/Females,1,1
/jodithea/Sex_differences_genetics_depression/tree/main/04_Clumping,1,1
/jodithea/Sex_differences_genetics_depression/tree/main/05_Replication_cohort,1,1
